Date,Open,High,Low,Close,Volume,Adj Close,date
2007-08-31,1163.20086957,1163.20086957,1163.20086957,1163.20086957,0,1163.20086957,"DatetimeIndex(['2007-08-31', '2007-09-30', '2007-10-31', '2007-11-30',
               '2007-12-31', '2008-01-31', '2008-02-29', '2008-03-31',
               '2008-04-30', '2008-05-31',
               ...
               '2015-03-31', '2015-04-30', '2015-05-31', '2015-06-30',
               '2015-07-31', '2015-08-31', '2015-09-30', '2015-10-31',
               '2015-11-30', '2015-12-31'],
              dtype='datetime64[ns]', name=u'Date', length=101, freq='M')"
2007-09-30,1209.62105263,1209.62105263,1209.62105263,1209.62105263,0,1209.62105263,"DatetimeIndex(['2007-08-31', '2007-09-30', '2007-10-31', '2007-11-30',
               '2007-12-31', '2008-01-31', '2008-02-29', '2008-03-31',
               '2008-04-30', '2008-05-31',
               ...
               '2015-03-31', '2015-04-30', '2015-05-31', '2015-06-30',
               '2015-07-31', '2015-08-31', '2015-09-30', '2015-10-31',
               '2015-11-30', '2015-12-31'],
              dtype='datetime64[ns]', name=u'Date', length=101, freq='M')"
2007-10-31,1267.43,1267.43,1267.43,1267.43,0,1267.43,"DatetimeIndex(['2007-08-31', '2007-09-30', '2007-10-31', '2007-11-30',
               '2007-12-31', '2008-01-31', '2008-02-29', '2008-03-31',
               '2008-04-30', '2008-05-31',
               ...
               '2015-03-31', '2015-04-30', '2015-05-31', '2015-06-30',
               '2015-07-31', '2015-08-31', '2015-09-30', '2015-10-31',
               '2015-11-30', '2015-12-31'],
              dtype='datetime64[ns]', name=u'Date', length=101, freq='M')"
2007-11-30,1177.79047619,1177.79047619,1177.79047619,1177.79047619,0,1177.79047619,"DatetimeIndex(['2007-08-31', '2007-09-30', '2007-10-31', '2007-11-30',
               '2007-12-31', '2008-01-31', '2008-02-29', '2008-03-31',
               '2008-04-30', '2008-05-31',
               ...
               '2015-03-31', '2015-04-30', '2015-05-31', '2015-06-30',
               '2015-07-31', '2015-08-31', '2015-09-30', '2015-10-31',
               '2015-11-30', '2015-12-31'],
              dtype='datetime64[ns]', name=u'Date', length=101, freq='M')"
2007-12-31,1161.6825,1161.6825,1161.6825,1161.6825,0,1161.6825,"DatetimeIndex(['2007-08-31', '2007-09-30', '2007-10-31', '2007-11-30',
               '2007-12-31', '2008-01-31', '2008-02-29', '2008-03-31',
               '2008-04-30', '2008-05-31',
               ...
               '2015-03-31', '2015-04-30', '2015-05-31', '2015-06-30',
               '2015-07-31', '2015-08-31', '2015-09-30', '2015-10-31',
               '2015-11-30', '2015-12-31'],
              dtype='datetime64[ns]', name=u'Date', length=101, freq='M')"
2008-01-31,1037.95619048,1037.95619048,1037.95619048,1037.95619048,0,1037.95619048,"DatetimeIndex(['2007-08-31', '2007-09-30', '2007-10-31', '2007-11-30',
               '2007-12-31', '2008-01-31', '2008-02-29', '2008-03-31',
               '2008-04-30', '2008-05-31',
               ...
               '2015-03-31', '2015-04-30', '2015-05-31', '2015-06-30',
               '2015-07-31', '2015-08-31', '2015-09-30', '2015-10-31',
               '2015-11-30', '2015-12-31'],
              dtype='datetime64[ns]', name=u'Date', length=101, freq='M')"
2008-02-29,1020.0545,1020.0545,1020.0545,1020.0545,0,1020.0545,"DatetimeIndex(['2007-08-31', '2007-09-30', '2007-10-31', '2007-11-30',
               '2007-12-31', '2008-01-31', '2008-02-29', '2008-03-31',
               '2008-04-30', '2008-05-31',
               ...
               '2015-03-31', '2015-04-30', '2015-05-31', '2015-06-30',
               '2015-07-31', '2015-08-31', '2015-09-30', '2015-10-31',
               '2015-11-30', '2015-12-31'],
              dtype='datetime64[ns]', name=u'Date', length=101, freq='M')"
2008-03-31,989.752,989.752,989.752,989.752,0,989.752,"DatetimeIndex(['2007-08-31', '2007-09-30', '2007-10-31', '2007-11-30',
               '2007-12-31', '2008-01-31', '2008-02-29', '2008-03-31',
               '2008-04-30', '2008-05-31',
               ...
               '2015-03-31', '2015-04-30', '2015-05-31', '2015-06-30',
               '2015-07-31', '2015-08-31', '2015-09-30', '2015-10-31',
               '2015-11-30', '2015-12-31'],
              dtype='datetime64[ns]', name=u'Date', length=101, freq='M')"
2008-04-30,1052.90409091,1052.90409091,1052.90409091,1052.90409091,0,1052.90409091,"DatetimeIndex(['2007-08-31', '2007-09-30', '2007-10-31', '2007-11-30',
               '2007-12-31', '2008-01-31', '2008-02-29', '2008-03-31',
               '2008-04-30', '2008-05-31',
               ...
               '2015-03-31', '2015-04-30', '2015-05-31', '2015-06-30',
               '2015-07-31', '2015-08-31', '2015-09-30', '2015-10-31',
               '2015-11-30', '2015-12-31'],
              dtype='datetime64[ns]', name=u'Date', length=101, freq='M')"
2008-05-31,1145.27761905,1145.27761905,1145.27761905,1145.27761905,0,1145.27761905,"DatetimeIndex(['2007-08-31', '2007-09-30', '2007-10-31', '2007-11-30',
               '2007-12-31', '2008-01-31', '2008-02-29', '2008-03-31',
               '2008-04-30', '2008-05-31',
               ...
               '2015-03-31', '2015-04-30', '2015-05-31', '2015-06-30',
               '2015-07-31', '2015-08-31', '2015-09-30', '2015-10-31',
               '2015-11-30', '2015-12-31'],
              dtype='datetime64[ns]', name=u'Date', length=101, freq='M')"
2008-06-30,1119.83857143,1119.83857143,1119.83857143,1119.83857143,0,1119.83857143,"DatetimeIndex(['2007-08-31', '2007-09-30', '2007-10-31', '2007-11-30',
               '2007-12-31', '2008-01-31', '2008-02-29', '2008-03-31',
               '2008-04-30', '2008-05-31',
               ...
               '2015-03-31', '2015-04-30', '2015-05-31', '2015-06-30',
               '2015-07-31', '2015-08-31', '2015-09-30', '2015-10-31',
               '2015-11-30', '2015-12-31'],
              dtype='datetime64[ns]', name=u'Date', length=101, freq='M')"
2008-07-31,1013.68727273,1013.68727273,1013.68727273,1013.68727273,0,1013.68727273,"DatetimeIndex(['2007-08-31', '2007-09-30', '2007-10-31', '2007-11-30',
               '2007-12-31', '2008-01-31', '2008-02-29', '2008-03-31',
               '2008-04-30', '2008-05-31',
               ...
               '2015-03-31', '2015-04-30', '2015-05-31', '2015-06-30',
               '2015-07-31', '2015-08-31', '2015-09-30', '2015-10-31',
               '2015-11-30', '2015-12-31'],
              dtype='datetime64[ns]', name=u'Date', length=101, freq='M')"
2008-08-31,1048.62047619,1048.62047619,1048.62047619,1048.62047619,0,1048.62047619,"DatetimeIndex(['2007-08-31', '2007-09-30', '2007-10-31', '2007-11-30',
               '2007-12-31', '2008-01-31', '2008-02-29', '2008-03-31',
               '2008-04-30', '2008-05-31',
               ...
               '2015-03-31', '2015-04-30', '2015-05-31', '2015-06-30',
               '2015-07-31', '2015-08-31', '2015-09-30', '2015-10-31',
               '2015-11-30', '2015-12-31'],
              dtype='datetime64[ns]', name=u'Date', length=101, freq='M')"
2008-09-30,928.253333333,928.253333333,928.253333333,928.253333333,0,928.253333333,"DatetimeIndex(['2007-08-31', '2007-09-30', '2007-10-31', '2007-11-30',
               '2007-12-31', '2008-01-31', '2008-02-29', '2008-03-31',
               '2008-04-30', '2008-05-31',
               ...
               '2015-03-31', '2015-04-30', '2015-05-31', '2015-06-30',
               '2015-07-31', '2015-08-31', '2015-09-30', '2015-10-31',
               '2015-11-30', '2015-12-31'],
              dtype='datetime64[ns]', name=u'Date', length=101, freq='M')"
2008-10-31,709.534782609,709.534782609,709.534782609,709.534782609,0,709.534782609,"DatetimeIndex(['2007-08-31', '2007-09-30', '2007-10-31', '2007-11-30',
               '2007-12-31', '2008-01-31', '2008-02-29', '2008-03-31',
               '2008-04-30', '2008-05-31',
               ...
               '2015-03-31', '2015-04-30', '2015-05-31', '2015-06-30',
               '2015-07-31', '2015-08-31', '2015-09-30', '2015-10-31',
               '2015-11-30', '2015-12-31'],
              dtype='datetime64[ns]', name=u'Date', length=101, freq='M')"
2008-11-30,617.03,617.03,617.03,617.03,0,617.03,"DatetimeIndex(['2007-08-31', '2007-09-30', '2007-10-31', '2007-11-30',
               '2007-12-31', '2008-01-31', '2008-02-29', '2008-03-31',
               '2008-04-30', '2008-05-31',
               ...
               '2015-03-31', '2015-04-30', '2015-05-31', '2015-06-30',
               '2015-07-31', '2015-08-31', '2015-09-30', '2015-10-31',
               '2015-11-30', '2015-12-31'],
              dtype='datetime64[ns]', name=u'Date', length=101, freq='M')"
2008-12-31,617.592272727,617.592272727,617.592272727,617.592272727,0,617.592272727,"DatetimeIndex(['2007-08-31', '2007-09-30', '2007-10-31', '2007-11-30',
               '2007-12-31', '2008-01-31', '2008-02-29', '2008-03-31',
               '2008-04-30', '2008-05-31',
               ...
               '2015-03-31', '2015-04-30', '2015-05-31', '2015-06-30',
               '2015-07-31', '2015-08-31', '2015-09-30', '2015-10-31',
               '2015-11-30', '2015-12-31'],
              dtype='datetime64[ns]', name=u'Date', length=101, freq='M')"
2009-01-31,634.112,634.112,634.112,634.112,0,634.112,"DatetimeIndex(['2007-08-31', '2007-09-30', '2007-10-31', '2007-11-30',
               '2007-12-31', '2008-01-31', '2008-02-29', '2008-03-31',
               '2008-04-30', '2008-05-31',
               ...
               '2015-03-31', '2015-04-30', '2015-05-31', '2015-06-30',
               '2015-07-31', '2015-08-31', '2015-09-30', '2015-10-31',
               '2015-11-30', '2015-12-31'],
              dtype='datetime64[ns]', name=u'Date', length=101, freq='M')"
2009-02-28,631.545263158,631.545263158,631.545263158,631.545263158,0,631.545263158,"DatetimeIndex(['2007-08-31', '2007-09-30', '2007-10-31', '2007-11-30',
               '2007-12-31', '2008-01-31', '2008-02-29', '2008-03-31',
               '2008-04-30', '2008-05-31',
               ...
               '2015-03-31', '2015-04-30', '2015-05-31', '2015-06-30',
               '2015-07-31', '2015-08-31', '2015-09-30', '2015-10-31',
               '2015-11-30', '2015-12-31'],
              dtype='datetime64[ns]', name=u'Date', length=101, freq='M')"
2009-03-31,648.301363636,648.301363636,648.301363636,648.301363636,0,648.301363636,"DatetimeIndex(['2007-08-31', '2007-09-30', '2007-10-31', '2007-11-30',
               '2007-12-31', '2008-01-31', '2008-02-29', '2008-03-31',
               '2008-04-30', '2008-05-31',
               ...
               '2015-03-31', '2015-04-30', '2015-05-31', '2015-06-30',
               '2015-07-31', '2015-08-31', '2015-09-30', '2015-10-31',
               '2015-11-30', '2015-12-31'],
              dtype='datetime64[ns]', name=u'Date', length=101, freq='M')"
2009-04-30,759.693809524,759.693809524,759.693809524,759.693809524,0,759.693809524,"DatetimeIndex(['2007-08-31', '2007-09-30', '2007-10-31', '2007-11-30',
               '2007-12-31', '2008-01-31', '2008-02-29', '2008-03-31',
               '2008-04-30', '2008-05-31',
               ...
               '2015-03-31', '2015-04-30', '2015-05-31', '2015-06-30',
               '2015-07-31', '2015-08-31', '2015-09-30', '2015-10-31',
               '2015-11-30', '2015-12-31'],
              dtype='datetime64[ns]', name=u'Date', length=101, freq='M')"
2009-05-31,803.479047619,803.479047619,803.479047619,803.479047619,0,803.479047619,"DatetimeIndex(['2007-08-31', '2007-09-30', '2007-10-31', '2007-11-30',
               '2007-12-31', '2008-01-31', '2008-02-29', '2008-03-31',
               '2008-04-30', '2008-05-31',
               ...
               '2015-03-31', '2015-04-30', '2015-05-31', '2015-06-30',
               '2015-07-31', '2015-08-31', '2015-09-30', '2015-10-31',
               '2015-11-30', '2015-12-31'],
              dtype='datetime64[ns]', name=u'Date', length=101, freq='M')"
2009-06-30,851.685,851.685,851.685,851.685,0,851.685,"DatetimeIndex(['2007-08-31', '2007-09-30', '2007-10-31', '2007-11-30',
               '2007-12-31', '2008-01-31', '2008-02-29', '2008-03-31',
               '2008-04-30', '2008-05-31',
               ...
               '2015-03-31', '2015-04-30', '2015-05-31', '2015-06-30',
               '2015-07-31', '2015-08-31', '2015-09-30', '2015-10-31',
               '2015-11-30', '2015-12-31'],
              dtype='datetime64[ns]', name=u'Date', length=101, freq='M')"
2009-07-31,888.406956522,888.406956522,888.406956522,888.406956522,0,888.406956522,"DatetimeIndex(['2007-08-31', '2007-09-30', '2007-10-31', '2007-11-30',
               '2007-12-31', '2008-01-31', '2008-02-29', '2008-03-31',
               '2008-04-30', '2008-05-31',
               ...
               '2015-03-31', '2015-04-30', '2015-05-31', '2015-06-30',
               '2015-07-31', '2015-08-31', '2015-09-30', '2015-10-31',
               '2015-11-30', '2015-12-31'],
              dtype='datetime64[ns]', name=u'Date', length=101, freq='M')"
2009-08-31,956.38952381,956.38952381,956.38952381,956.38952381,0,956.38952381,"DatetimeIndex(['2007-08-31', '2007-09-30', '2007-10-31', '2007-11-30',
               '2007-12-31', '2008-01-31', '2008-02-29', '2008-03-31',
               '2008-04-30', '2008-05-31',
               ...
               '2015-03-31', '2015-04-30', '2015-05-31', '2015-06-30',
               '2015-07-31', '2015-08-31', '2015-09-30', '2015-10-31',
               '2015-11-30', '2015-12-31'],
              dtype='datetime64[ns]', name=u'Date', length=101, freq='M')"
2009-09-30,1007.91090909,1007.91090909,1007.91090909,1007.91090909,0,1007.91090909,"DatetimeIndex(['2007-08-31', '2007-09-30', '2007-10-31', '2007-11-30',
               '2007-12-31', '2008-01-31', '2008-02-29', '2008-03-31',
               '2008-04-30', '2008-05-31',
               ...
               '2015-03-31', '2015-04-30', '2015-05-31', '2015-06-30',
               '2015-07-31', '2015-08-31', '2015-09-30', '2015-10-31',
               '2015-11-30', '2015-12-31'],
              dtype='datetime64[ns]', name=u'Date', length=101, freq='M')"
2009-10-31,1033.43954545,1033.43954545,1033.43954545,1033.43954545,0,1033.43954545,"DatetimeIndex(['2007-08-31', '2007-09-30', '2007-10-31', '2007-11-30',
               '2007-12-31', '2008-01-31', '2008-02-29', '2008-03-31',
               '2008-04-30', '2008-05-31',
               ...
               '2015-03-31', '2015-04-30', '2015-05-31', '2015-06-30',
               '2015-07-31', '2015-08-31', '2015-09-30', '2015-10-31',
               '2015-11-30', '2015-12-31'],
              dtype='datetime64[ns]', name=u'Date', length=101, freq='M')"
2009-11-30,1046.01333333,1046.01333333,1046.01333333,1046.01333333,0,1046.01333333,"DatetimeIndex(['2007-08-31', '2007-09-30', '2007-10-31', '2007-11-30',
               '2007-12-31', '2008-01-31', '2008-02-29', '2008-03-31',
               '2008-04-30', '2008-05-31',
               ...
               '2015-03-31', '2015-04-30', '2015-05-31', '2015-06-30',
               '2015-07-31', '2015-08-31', '2015-09-30', '2015-10-31',
               '2015-11-30', '2015-12-31'],
              dtype='datetime64[ns]', name=u'Date', length=101, freq='M')"
2009-12-31,1102.98826087,1102.98826087,1102.98826087,1102.98826087,0,1102.98826087,"DatetimeIndex(['2007-08-31', '2007-09-30', '2007-10-31', '2007-11-30',
               '2007-12-31', '2008-01-31', '2008-02-29', '2008-03-31',
               '2008-04-30', '2008-05-31',
               ...
               '2015-03-31', '2015-04-30', '2015-05-31', '2015-06-30',
               '2015-07-31', '2015-08-31', '2015-09-30', '2015-10-31',
               '2015-11-30', '2015-12-31'],
              dtype='datetime64[ns]', name=u'Date', length=101, freq='M')"
2010-01-31,1124.70095238,1124.70095238,1124.70095238,1124.70095238,0,1124.70095238,"DatetimeIndex(['2007-08-31', '2007-09-30', '2007-10-31', '2007-11-30',
               '2007-12-31', '2008-01-31', '2008-02-29', '2008-03-31',
               '2008-04-30', '2008-05-31',
               ...
               '2015-03-31', '2015-04-30', '2015-05-31', '2015-06-30',
               '2015-07-31', '2015-08-31', '2015-09-30', '2015-10-31',
               '2015-11-30', '2015-12-31'],
              dtype='datetime64[ns]', name=u'Date', length=101, freq='M')"
2010-02-28,1080.5695,1080.5695,1080.5695,1080.5695,0,1080.5695,"DatetimeIndex(['2007-08-31', '2007-09-30', '2007-10-31', '2007-11-30',
               '2007-12-31', '2008-01-31', '2008-02-29', '2008-03-31',
               '2008-04-30', '2008-05-31',
               ...
               '2015-03-31', '2015-04-30', '2015-05-31', '2015-06-30',
               '2015-07-31', '2015-08-31', '2015-09-30', '2015-10-31',
               '2015-11-30', '2015-12-31'],
              dtype='datetime64[ns]', name=u'Date', length=101, freq='M')"
2010-03-31,1160.42521739,1160.42521739,1160.42521739,1160.42521739,0,1160.42521739,"DatetimeIndex(['2007-08-31', '2007-09-30', '2007-10-31', '2007-11-30',
               '2007-12-31', '2008-01-31', '2008-02-29', '2008-03-31',
               '2008-04-30', '2008-05-31',
               ...
               '2015-03-31', '2015-04-30', '2015-05-31', '2015-06-30',
               '2015-07-31', '2015-08-31', '2015-09-30', '2015-10-31',
               '2015-11-30', '2015-12-31'],
              dtype='datetime64[ns]', name=u'Date', length=101, freq='M')"
2010-04-30,1216.53545455,1216.53545455,1216.53545455,1216.53545455,0,1216.53545455,"DatetimeIndex(['2007-08-31', '2007-09-30', '2007-10-31', '2007-11-30',
               '2007-12-31', '2008-01-31', '2008-02-29', '2008-03-31',
               '2008-04-30', '2008-05-31',
               ...
               '2015-03-31', '2015-04-30', '2015-05-31', '2015-06-30',
               '2015-07-31', '2015-08-31', '2015-09-30', '2015-10-31',
               '2015-11-30', '2015-12-31'],
              dtype='datetime64[ns]', name=u'Date', length=101, freq='M')"
2010-05-31,1142.60619048,1142.60619048,1142.60619048,1142.60619048,0,1142.60619048,"DatetimeIndex(['2007-08-31', '2007-09-30', '2007-10-31', '2007-11-30',
               '2007-12-31', '2008-01-31', '2008-02-29', '2008-03-31',
               '2008-04-30', '2008-05-31',
               ...
               '2015-03-31', '2015-04-30', '2015-05-31', '2015-06-30',
               '2015-07-31', '2015-08-31', '2015-09-30', '2015-10-31',
               '2015-11-30', '2015-12-31'],
              dtype='datetime64[ns]', name=u'Date', length=101, freq='M')"
2010-06-30,1120.11863636,1120.11863636,1120.11863636,1120.11863636,0,1120.11863636,"DatetimeIndex(['2007-08-31', '2007-09-30', '2007-10-31', '2007-11-30',
               '2007-12-31', '2008-01-31', '2008-02-29', '2008-03-31',
               '2008-04-30', '2008-05-31',
               ...
               '2015-03-31', '2015-04-30', '2015-05-31', '2015-06-30',
               '2015-07-31', '2015-08-31', '2015-09-30', '2015-10-31',
               '2015-11-30', '2015-12-31'],
              dtype='datetime64[ns]', name=u'Date', length=101, freq='M')"
2010-07-31,1117.10863636,1117.10863636,1117.10863636,1117.10863636,0,1117.10863636,"DatetimeIndex(['2007-08-31', '2007-09-30', '2007-10-31', '2007-11-30',
               '2007-12-31', '2008-01-31', '2008-02-29', '2008-03-31',
               '2008-04-30', '2008-05-31',
               ...
               '2015-03-31', '2015-04-30', '2015-05-31', '2015-06-30',
               '2015-07-31', '2015-08-31', '2015-09-30', '2015-10-31',
               '2015-11-30', '2015-12-31'],
              dtype='datetime64[ns]', name=u'Date', length=101, freq='M')"
2010-08-31,1114.03954545,1114.03954545,1114.03954545,1114.03954545,0,1114.03954545,"DatetimeIndex(['2007-08-31', '2007-09-30', '2007-10-31', '2007-11-30',
               '2007-12-31', '2008-01-31', '2008-02-29', '2008-03-31',
               '2008-04-30', '2008-05-31',
               ...
               '2015-03-31', '2015-04-30', '2015-05-31', '2015-06-30',
               '2015-07-31', '2015-08-31', '2015-09-30', '2015-10-31',
               '2015-11-30', '2015-12-31'],
              dtype='datetime64[ns]', name=u'Date', length=101, freq='M')"
2010-09-30,1164.60818182,1164.60818182,1164.60818182,1164.60818182,0,1164.60818182,"DatetimeIndex(['2007-08-31', '2007-09-30', '2007-10-31', '2007-11-30',
               '2007-12-31', '2008-01-31', '2008-02-29', '2008-03-31',
               '2008-04-30', '2008-05-31',
               ...
               '2015-03-31', '2015-04-30', '2015-05-31', '2015-06-30',
               '2015-07-31', '2015-08-31', '2015-09-30', '2015-10-31',
               '2015-11-30', '2015-12-31'],
              dtype='datetime64[ns]', name=u'Date', length=101, freq='M')"
2010-10-31,1252.45380952,1252.45380952,1252.45380952,1252.45380952,0,1252.45380952,"DatetimeIndex(['2007-08-31', '2007-09-30', '2007-10-31', '2007-11-30',
               '2007-12-31', '2008-01-31', '2008-02-29', '2008-03-31',
               '2008-04-30', '2008-05-31',
               ...
               '2015-03-31', '2015-04-30', '2015-05-31', '2015-06-30',
               '2015-07-31', '2015-08-31', '2015-09-30', '2015-10-31',
               '2015-11-30', '2015-12-31'],
              dtype='datetime64[ns]', name=u'Date', length=101, freq='M')"
2010-11-30,1329.745,1329.745,1329.745,1329.745,0,1329.745,"DatetimeIndex(['2007-08-31', '2007-09-30', '2007-10-31', '2007-11-30',
               '2007-12-31', '2008-01-31', '2008-02-29', '2008-03-31',
               '2008-04-30', '2008-05-31',
               ...
               '2015-03-31', '2015-04-30', '2015-05-31', '2015-06-30',
               '2015-07-31', '2015-08-31', '2015-09-30', '2015-10-31',
               '2015-11-30', '2015-12-31'],
              dtype='datetime64[ns]', name=u'Date', length=101, freq='M')"
2010-12-31,1385.63391304,1385.63391304,1385.63391304,1385.63391304,0,1385.63391304,"DatetimeIndex(['2007-08-31', '2007-09-30', '2007-10-31', '2007-11-30',
               '2007-12-31', '2008-01-31', '2008-02-29', '2008-03-31',
               '2008-04-30', '2008-05-31',
               ...
               '2015-03-31', '2015-04-30', '2015-05-31', '2015-06-30',
               '2015-07-31', '2015-08-31', '2015-09-30', '2015-10-31',
               '2015-11-30', '2015-12-31'],
              dtype='datetime64[ns]', name=u'Date', length=101, freq='M')"
2011-01-31,1441.94190476,1441.94190476,1441.94190476,1441.94190476,0,1441.94190476,"DatetimeIndex(['2007-08-31', '2007-09-30', '2007-10-31', '2007-11-30',
               '2007-12-31', '2008-01-31', '2008-02-29', '2008-03-31',
               '2008-04-30', '2008-05-31',
               ...
               '2015-03-31', '2015-04-30', '2015-05-31', '2015-06-30',
               '2015-07-31', '2015-08-31', '2015-09-30', '2015-10-31',
               '2015-11-30', '2015-12-31'],
              dtype='datetime64[ns]', name=u'Date', length=101, freq='M')"
2011-02-28,1491.907,1491.907,1491.907,1491.907,0,1491.907,"DatetimeIndex(['2007-08-31', '2007-09-30', '2007-10-31', '2007-11-30',
               '2007-12-31', '2008-01-31', '2008-02-29', '2008-03-31',
               '2008-04-30', '2008-05-31',
               ...
               '2015-03-31', '2015-04-30', '2015-05-31', '2015-06-30',
               '2015-07-31', '2015-08-31', '2015-09-30', '2015-10-31',
               '2015-11-30', '2015-12-31'],
              dtype='datetime64[ns]', name=u'Date', length=101, freq='M')"
2011-03-31,1431.11521739,1431.11521739,1431.11521739,1431.11521739,0,1431.11521739,"DatetimeIndex(['2007-08-31', '2007-09-30', '2007-10-31', '2007-11-30',
               '2007-12-31', '2008-01-31', '2008-02-29', '2008-03-31',
               '2008-04-30', '2008-05-31',
               ...
               '2015-03-31', '2015-04-30', '2015-05-31', '2015-06-30',
               '2015-07-31', '2015-08-31', '2015-09-30', '2015-10-31',
               '2015-11-30', '2015-12-31'],
              dtype='datetime64[ns]', name=u'Date', length=101, freq='M')"
2011-04-30,1458.68571429,1458.68571429,1458.68571429,1458.68571429,0,1458.68571429,"DatetimeIndex(['2007-08-31', '2007-09-30', '2007-10-31', '2007-11-30',
               '2007-12-31', '2008-01-31', '2008-02-29', '2008-03-31',
               '2008-04-30', '2008-05-31',
               ...
               '2015-03-31', '2015-04-30', '2015-05-31', '2015-06-30',
               '2015-07-31', '2015-08-31', '2015-09-30', '2015-10-31',
               '2015-11-30', '2015-12-31'],
              dtype='datetime64[ns]', name=u'Date', length=101, freq='M')"
2011-05-31,1462.41727273,1462.41727273,1462.41727273,1462.41727273,0,1462.41727273,"DatetimeIndex(['2007-08-31', '2007-09-30', '2007-10-31', '2007-11-30',
               '2007-12-31', '2008-01-31', '2008-02-29', '2008-03-31',
               '2008-04-30', '2008-05-31',
               ...
               '2015-03-31', '2015-04-30', '2015-05-31', '2015-06-30',
               '2015-07-31', '2015-08-31', '2015-09-30', '2015-10-31',
               '2015-11-30', '2015-12-31'],
              dtype='datetime64[ns]', name=u'Date', length=101, freq='M')"
2011-06-30,1367.31909091,1367.31909091,1367.31909091,1367.31909091,0,1367.31909091,"DatetimeIndex(['2007-08-31', '2007-09-30', '2007-10-31', '2007-11-30',
               '2007-12-31', '2008-01-31', '2008-02-29', '2008-03-31',
               '2008-04-30', '2008-05-31',
               ...
               '2015-03-31', '2015-04-30', '2015-05-31', '2015-06-30',
               '2015-07-31', '2015-08-31', '2015-09-30', '2015-10-31',
               '2015-11-30', '2015-12-31'],
              dtype='datetime64[ns]', name=u'Date', length=101, freq='M')"
2011-07-31,1383.29333333,1383.29333333,1383.29333333,1383.29333333,0,1383.29333333,"DatetimeIndex(['2007-08-31', '2007-09-30', '2007-10-31', '2007-11-30',
               '2007-12-31', '2008-01-31', '2008-02-29', '2008-03-31',
               '2008-04-30', '2008-05-31',
               ...
               '2015-03-31', '2015-04-30', '2015-05-31', '2015-06-30',
               '2015-07-31', '2015-08-31', '2015-09-30', '2015-10-31',
               '2015-11-30', '2015-12-31'],
              dtype='datetime64[ns]', name=u'Date', length=101, freq='M')"
2011-08-31,1209.3173913,1209.3173913,1209.3173913,1209.3173913,0,1209.3173913,"DatetimeIndex(['2007-08-31', '2007-09-30', '2007-10-31', '2007-11-30',
               '2007-12-31', '2008-01-31', '2008-02-29', '2008-03-31',
               '2008-04-30', '2008-05-31',
               ...
               '2015-03-31', '2015-04-30', '2015-05-31', '2015-06-30',
               '2015-07-31', '2015-08-31', '2015-09-30', '2015-10-31',
               '2015-11-30', '2015-12-31'],
              dtype='datetime64[ns]', name=u'Date', length=101, freq='M')"
2011-09-30,1226.06454545,1226.06454545,1226.06454545,1226.06454545,0,1226.06454545,"DatetimeIndex(['2007-08-31', '2007-09-30', '2007-10-31', '2007-11-30',
               '2007-12-31', '2008-01-31', '2008-02-29', '2008-03-31',
               '2008-04-30', '2008-05-31',
               ...
               '2015-03-31', '2015-04-30', '2015-05-31', '2015-06-30',
               '2015-07-31', '2015-08-31', '2015-09-30', '2015-10-31',
               '2015-11-30', '2015-12-31'],
              dtype='datetime64[ns]', name=u'Date', length=101, freq='M')"
2011-10-31,1291.46095238,1291.46095238,1291.46095238,1291.46095238,0,1291.46095238,"DatetimeIndex(['2007-08-31', '2007-09-30', '2007-10-31', '2007-11-30',
               '2007-12-31', '2008-01-31', '2008-02-29', '2008-03-31',
               '2008-04-30', '2008-05-31',
               ...
               '2015-03-31', '2015-04-30', '2015-05-31', '2015-06-30',
               '2015-07-31', '2015-08-31', '2015-09-30', '2015-10-31',
               '2015-11-30', '2015-12-31'],
              dtype='datetime64[ns]', name=u'Date', length=101, freq='M')"
2011-11-30,1322.25454545,1322.25454545,1322.25454545,1322.25454545,0,1322.25454545,"DatetimeIndex(['2007-08-31', '2007-09-30', '2007-10-31', '2007-11-30',
               '2007-12-31', '2008-01-31', '2008-02-29', '2008-03-31',
               '2008-04-30', '2008-05-31',
               ...
               '2015-03-31', '2015-04-30', '2015-05-31', '2015-06-30',
               '2015-07-31', '2015-08-31', '2015-09-30', '2015-10-31',
               '2015-11-30', '2015-12-31'],
              dtype='datetime64[ns]', name=u'Date', length=101, freq='M')"
2011-12-31,1302.57136364,1302.57136364,1302.57136364,1302.57136364,0,1302.57136364,"DatetimeIndex(['2007-08-31', '2007-09-30', '2007-10-31', '2007-11-30',
               '2007-12-31', '2008-01-31', '2008-02-29', '2008-03-31',
               '2008-04-30', '2008-05-31',
               ...
               '2015-03-31', '2015-04-30', '2015-05-31', '2015-06-30',
               '2015-07-31', '2015-08-31', '2015-09-30', '2015-10-31',
               '2015-11-30', '2015-12-31'],
              dtype='datetime64[ns]', name=u'Date', length=101, freq='M')"
2012-01-31,1375.10181818,1375.10181818,1375.10181818,1375.10181818,0,1375.10181818,"DatetimeIndex(['2007-08-31', '2007-09-30', '2007-10-31', '2007-11-30',
               '2007-12-31', '2008-01-31', '2008-02-29', '2008-03-31',
               '2008-04-30', '2008-05-31',
               ...
               '2015-03-31', '2015-04-30', '2015-05-31', '2015-06-30',
               '2015-07-31', '2015-08-31', '2015-09-30', '2015-10-31',
               '2015-11-30', '2015-12-31'],
              dtype='datetime64[ns]', name=u'Date', length=101, freq='M')"
2012-02-29,1488.27952381,1488.27952381,1488.27952381,1488.27952381,0,1488.27952381,"DatetimeIndex(['2007-08-31', '2007-09-30', '2007-10-31', '2007-11-30',
               '2007-12-31', '2008-01-31', '2008-02-29', '2008-03-31',
               '2008-04-30', '2008-05-31',
               ...
               '2015-03-31', '2015-04-30', '2015-05-31', '2015-06-30',
               '2015-07-31', '2015-08-31', '2015-09-30', '2015-10-31',
               '2015-11-30', '2015-12-31'],
              dtype='datetime64[ns]', name=u'Date', length=101, freq='M')"
2012-03-31,1514.74181818,1514.74181818,1514.74181818,1514.74181818,0,1514.74181818,"DatetimeIndex(['2007-08-31', '2007-09-30', '2007-10-31', '2007-11-30',
               '2007-12-31', '2008-01-31', '2008-02-29', '2008-03-31',
               '2008-04-30', '2008-05-31',
               ...
               '2015-03-31', '2015-04-30', '2015-05-31', '2015-06-30',
               '2015-07-31', '2015-08-31', '2015-09-30', '2015-10-31',
               '2015-11-30', '2015-12-31'],
              dtype='datetime64[ns]', name=u'Date', length=101, freq='M')"
2012-04-30,1488.04,1488.04,1488.04,1488.04,0,1488.04,"DatetimeIndex(['2007-08-31', '2007-09-30', '2007-10-31', '2007-11-30',
               '2007-12-31', '2008-01-31', '2008-02-29', '2008-03-31',
               '2008-04-30', '2008-05-31',
               ...
               '2015-03-31', '2015-04-30', '2015-05-31', '2015-06-30',
               '2015-07-31', '2015-08-31', '2015-09-30', '2015-10-31',
               '2015-11-30', '2015-12-31'],
              dtype='datetime64[ns]', name=u'Date', length=101, freq='M')"
2012-05-31,1373.11304348,1373.11304348,1373.11304348,1373.11304348,0,1373.11304348,"DatetimeIndex(['2007-08-31', '2007-09-30', '2007-10-31', '2007-11-30',
               '2007-12-31', '2008-01-31', '2008-02-29', '2008-03-31',
               '2008-04-30', '2008-05-31',
               ...
               '2015-03-31', '2015-04-30', '2015-05-31', '2015-06-30',
               '2015-07-31', '2015-08-31', '2015-09-30', '2015-10-31',
               '2015-11-30', '2015-12-31'],
              dtype='datetime64[ns]', name=u'Date', length=101, freq='M')"
2012-06-30,1321.77428571,1321.77428571,1321.77428571,1321.77428571,0,1321.77428571,"DatetimeIndex(['2007-08-31', '2007-09-30', '2007-10-31', '2007-11-30',
               '2007-12-31', '2008-01-31', '2008-02-29', '2008-03-31',
               '2008-04-30', '2008-05-31',
               ...
               '2015-03-31', '2015-04-30', '2015-05-31', '2015-06-30',
               '2015-07-31', '2015-08-31', '2015-09-30', '2015-10-31',
               '2015-11-30', '2015-12-31'],
              dtype='datetime64[ns]', name=u'Date', length=101, freq='M')"
2012-07-31,1316.86318182,1316.86318182,1316.86318182,1316.86318182,0,1316.86318182,"DatetimeIndex(['2007-08-31', '2007-09-30', '2007-10-31', '2007-11-30',
               '2007-12-31', '2008-01-31', '2008-02-29', '2008-03-31',
               '2008-04-30', '2008-05-31',
               ...
               '2015-03-31', '2015-04-30', '2015-05-31', '2015-06-30',
               '2015-07-31', '2015-08-31', '2015-09-30', '2015-10-31',
               '2015-11-30', '2015-12-31'],
              dtype='datetime64[ns]', name=u'Date', length=101, freq='M')"
2012-08-31,1400.08043478,1400.08043478,1400.08043478,1400.08043478,0,1400.08043478,"DatetimeIndex(['2007-08-31', '2007-09-30', '2007-10-31', '2007-11-30',
               '2007-12-31', '2008-01-31', '2008-02-29', '2008-03-31',
               '2008-04-30', '2008-05-31',
               ...
               '2015-03-31', '2015-04-30', '2015-05-31', '2015-06-30',
               '2015-07-31', '2015-08-31', '2015-09-30', '2015-10-31',
               '2015-11-30', '2015-12-31'],
              dtype='datetime64[ns]', name=u'Date', length=101, freq='M')"
2012-09-30,1406.1595,1406.1595,1406.1595,1406.1595,0,1406.1595,"DatetimeIndex(['2007-08-31', '2007-09-30', '2007-10-31', '2007-11-30',
               '2007-12-31', '2008-01-31', '2008-02-29', '2008-03-31',
               '2008-04-30', '2008-05-31',
               ...
               '2015-03-31', '2015-04-30', '2015-05-31', '2015-06-30',
               '2015-07-31', '2015-08-31', '2015-09-30', '2015-10-31',
               '2015-11-30', '2015-12-31'],
              dtype='datetime64[ns]', name=u'Date', length=101, freq='M')"
2012-10-31,1351.60869565,1351.60869565,1351.60869565,1351.60869565,0,1351.60869565,"DatetimeIndex(['2007-08-31', '2007-09-30', '2007-10-31', '2007-11-30',
               '2007-12-31', '2008-01-31', '2008-02-29', '2008-03-31',
               '2008-04-30', '2008-05-31',
               ...
               '2015-03-31', '2015-04-30', '2015-05-31', '2015-06-30',
               '2015-07-31', '2015-08-31', '2015-09-30', '2015-10-31',
               '2015-11-30', '2015-12-31'],
              dtype='datetime64[ns]', name=u'Date', length=101, freq='M')"
2012-11-30,1324.84272727,1324.84272727,1324.84272727,1324.84272727,0,1324.84272727,"DatetimeIndex(['2007-08-31', '2007-09-30', '2007-10-31', '2007-11-30',
               '2007-12-31', '2008-01-31', '2008-02-29', '2008-03-31',
               '2008-04-30', '2008-05-31',
               ...
               '2015-03-31', '2015-04-30', '2015-05-31', '2015-06-30',
               '2015-07-31', '2015-08-31', '2015-09-30', '2015-10-31',
               '2015-11-30', '2015-12-31'],
              dtype='datetime64[ns]', name=u'Date', length=101, freq='M')"
2012-12-31,1390.4352381,1390.4352381,1390.4352381,1390.4352381,0,1390.4352381,"DatetimeIndex(['2007-08-31', '2007-09-30', '2007-10-31', '2007-11-30',
               '2007-12-31', '2008-01-31', '2008-02-29', '2008-03-31',
               '2008-04-30', '2008-05-31',
               ...
               '2015-03-31', '2015-04-30', '2015-05-31', '2015-06-30',
               '2015-07-31', '2015-08-31', '2015-09-30', '2015-10-31',
               '2015-11-30', '2015-12-31'],
              dtype='datetime64[ns]', name=u'Date', length=101, freq='M')"
2013-01-31,1463.60956522,1463.60956522,1463.60956522,1463.60956522,0,1463.60956522,"DatetimeIndex(['2007-08-31', '2007-09-30', '2007-10-31', '2007-11-30',
               '2007-12-31', '2008-01-31', '2008-02-29', '2008-03-31',
               '2008-04-30', '2008-05-31',
               ...
               '2015-03-31', '2015-04-30', '2015-05-31', '2015-06-30',
               '2015-07-31', '2015-08-31', '2015-09-30', '2015-10-31',
               '2015-11-30', '2015-12-31'],
              dtype='datetime64[ns]', name=u'Date', length=101, freq='M')"
2013-02-28,1492.3655,1492.3655,1492.3655,1492.3655,0,1492.3655,"DatetimeIndex(['2007-08-31', '2007-09-30', '2007-10-31', '2007-11-30',
               '2007-12-31', '2008-01-31', '2008-02-29', '2008-03-31',
               '2008-04-30', '2008-05-31',
               ...
               '2015-03-31', '2015-04-30', '2015-05-31', '2015-06-30',
               '2015-07-31', '2015-08-31', '2015-09-30', '2015-10-31',
               '2015-11-30', '2015-12-31'],
              dtype='datetime64[ns]', name=u'Date', length=101, freq='M')"
2013-03-31,1513.29761905,1513.29761905,1513.29761905,1513.29761905,0,1513.29761905,"DatetimeIndex(['2007-08-31', '2007-09-30', '2007-10-31', '2007-11-30',
               '2007-12-31', '2008-01-31', '2008-02-29', '2008-03-31',
               '2008-04-30', '2008-05-31',
               ...
               '2015-03-31', '2015-04-30', '2015-05-31', '2015-06-30',
               '2015-07-31', '2015-08-31', '2015-09-30', '2015-10-31',
               '2015-11-30', '2015-12-31'],
              dtype='datetime64[ns]', name=u'Date', length=101, freq='M')"
2013-04-30,1498.70227273,1498.70227273,1498.70227273,1498.70227273,0,1498.70227273,"DatetimeIndex(['2007-08-31', '2007-09-30', '2007-10-31', '2007-11-30',
               '2007-12-31', '2008-01-31', '2008-02-29', '2008-03-31',
               '2008-04-30', '2008-05-31',
               ...
               '2015-03-31', '2015-04-30', '2015-05-31', '2015-06-30',
               '2015-07-31', '2015-08-31', '2015-09-30', '2015-10-31',
               '2015-11-30', '2015-12-31'],
              dtype='datetime64[ns]', name=u'Date', length=101, freq='M')"
2013-05-31,1565.58869565,1565.58869565,1565.58869565,1565.58869565,0,1565.58869565,"DatetimeIndex(['2007-08-31', '2007-09-30', '2007-10-31', '2007-11-30',
               '2007-12-31', '2008-01-31', '2008-02-29', '2008-03-31',
               '2008-04-30', '2008-05-31',
               ...
               '2015-03-31', '2015-04-30', '2015-05-31', '2015-06-30',
               '2015-07-31', '2015-08-31', '2015-09-30', '2015-10-31',
               '2015-11-30', '2015-12-31'],
              dtype='datetime64[ns]', name=u'Date', length=101, freq='M')"
2013-06-30,1559.56,1559.56,1559.56,1559.56,0,1559.56,"DatetimeIndex(['2007-08-31', '2007-09-30', '2007-10-31', '2007-11-30',
               '2007-12-31', '2008-01-31', '2008-02-29', '2008-03-31',
               '2008-04-30', '2008-05-31',
               ...
               '2015-03-31', '2015-04-30', '2015-05-31', '2015-06-30',
               '2015-07-31', '2015-08-31', '2015-09-30', '2015-10-31',
               '2015-11-30', '2015-12-31'],
              dtype='datetime64[ns]', name=u'Date', length=101, freq='M')"
2013-07-31,1614.01869565,1614.01869565,1614.01869565,1614.01869565,0,1614.01869565,"DatetimeIndex(['2007-08-31', '2007-09-30', '2007-10-31', '2007-11-30',
               '2007-12-31', '2008-01-31', '2008-02-29', '2008-03-31',
               '2008-04-30', '2008-05-31',
               ...
               '2015-03-31', '2015-04-30', '2015-05-31', '2015-06-30',
               '2015-07-31', '2015-08-31', '2015-09-30', '2015-10-31',
               '2015-11-30', '2015-12-31'],
              dtype='datetime64[ns]', name=u'Date', length=101, freq='M')"
2013-08-31,1667.165,1667.165,1667.165,1667.165,0,1667.165,"DatetimeIndex(['2007-08-31', '2007-09-30', '2007-10-31', '2007-11-30',
               '2007-12-31', '2008-01-31', '2008-02-29', '2008-03-31',
               '2008-04-30', '2008-05-31',
               ...
               '2015-03-31', '2015-04-30', '2015-05-31', '2015-06-30',
               '2015-07-31', '2015-08-31', '2015-09-30', '2015-10-31',
               '2015-11-30', '2015-12-31'],
              dtype='datetime64[ns]', name=u'Date', length=101, freq='M')"
2013-09-30,1724.96285714,1724.96285714,1724.96285714,1724.96285714,0,1724.96285714,"DatetimeIndex(['2007-08-31', '2007-09-30', '2007-10-31', '2007-11-30',
               '2007-12-31', '2008-01-31', '2008-02-29', '2008-03-31',
               '2008-04-30', '2008-05-31',
               ...
               '2015-03-31', '2015-04-30', '2015-05-31', '2015-06-30',
               '2015-07-31', '2015-08-31', '2015-09-30', '2015-10-31',
               '2015-11-30', '2015-12-31'],
              dtype='datetime64[ns]', name=u'Date', length=101, freq='M')"
2013-10-31,1768.18043478,1768.18043478,1768.18043478,1768.18043478,0,1768.18043478,"DatetimeIndex(['2007-08-31', '2007-09-30', '2007-10-31', '2007-11-30',
               '2007-12-31', '2008-01-31', '2008-02-29', '2008-03-31',
               '2008-04-30', '2008-05-31',
               ...
               '2015-03-31', '2015-04-30', '2015-05-31', '2015-06-30',
               '2015-07-31', '2015-08-31', '2015-09-30', '2015-10-31',
               '2015-11-30', '2015-12-31'],
              dtype='datetime64[ns]', name=u'Date', length=101, freq='M')"
2013-11-30,1793.95761905,1793.95761905,1793.95761905,1793.95761905,0,1793.95761905,"DatetimeIndex(['2007-08-31', '2007-09-30', '2007-10-31', '2007-11-30',
               '2007-12-31', '2008-01-31', '2008-02-29', '2008-03-31',
               '2008-04-30', '2008-05-31',
               ...
               '2015-03-31', '2015-04-30', '2015-05-31', '2015-06-30',
               '2015-07-31', '2015-08-31', '2015-09-30', '2015-10-31',
               '2015-11-30', '2015-12-31'],
              dtype='datetime64[ns]', name=u'Date', length=101, freq='M')"
2013-12-31,1853.15363636,1853.15363636,1853.15363636,1853.15363636,0,1853.15363636,"DatetimeIndex(['2007-08-31', '2007-09-30', '2007-10-31', '2007-11-30',
               '2007-12-31', '2008-01-31', '2008-02-29', '2008-03-31',
               '2008-04-30', '2008-05-31',
               ...
               '2015-03-31', '2015-04-30', '2015-05-31', '2015-06-30',
               '2015-07-31', '2015-08-31', '2015-09-30', '2015-10-31',
               '2015-11-30', '2015-12-31'],
              dtype='datetime64[ns]', name=u'Date', length=101, freq='M')"
2014-01-31,1909.85869565,1909.85869565,1909.85869565,1909.85869565,0,1909.85869565,"DatetimeIndex(['2007-08-31', '2007-09-30', '2007-10-31', '2007-11-30',
               '2007-12-31', '2008-01-31', '2008-02-29', '2008-03-31',
               '2008-04-30', '2008-05-31',
               ...
               '2015-03-31', '2015-04-30', '2015-05-31', '2015-06-30',
               '2015-07-31', '2015-08-31', '2015-09-30', '2015-10-31',
               '2015-11-30', '2015-12-31'],
              dtype='datetime64[ns]', name=u'Date', length=101, freq='M')"
2014-02-28,1969.8875,1969.8875,1969.8875,1969.8875,0,1969.8875,"DatetimeIndex(['2007-08-31', '2007-09-30', '2007-10-31', '2007-11-30',
               '2007-12-31', '2008-01-31', '2008-02-29', '2008-03-31',
               '2008-04-30', '2008-05-31',
               ...
               '2015-03-31', '2015-04-30', '2015-05-31', '2015-06-30',
               '2015-07-31', '2015-08-31', '2015-09-30', '2015-10-31',
               '2015-11-30', '2015-12-31'],
              dtype='datetime64[ns]', name=u'Date', length=101, freq='M')"
2014-03-31,2017.77380952,2017.77380952,2017.77380952,2017.77380952,0,2017.77380952,"DatetimeIndex(['2007-08-31', '2007-09-30', '2007-10-31', '2007-11-30',
               '2007-12-31', '2008-01-31', '2008-02-29', '2008-03-31',
               '2008-04-30', '2008-05-31',
               ...
               '2015-03-31', '2015-04-30', '2015-05-31', '2015-06-30',
               '2015-07-31', '2015-08-31', '2015-09-30', '2015-10-31',
               '2015-11-30', '2015-12-31'],
              dtype='datetime64[ns]', name=u'Date', length=101, freq='M')"
2014-04-30,1979.98318182,1979.98318182,1979.98318182,1979.98318182,0,1979.98318182,"DatetimeIndex(['2007-08-31', '2007-09-30', '2007-10-31', '2007-11-30',
               '2007-12-31', '2008-01-31', '2008-02-29', '2008-03-31',
               '2008-04-30', '2008-05-31',
               ...
               '2015-03-31', '2015-04-30', '2015-05-31', '2015-06-30',
               '2015-07-31', '2015-08-31', '2015-09-30', '2015-10-31',
               '2015-11-30', '2015-12-31'],
              dtype='datetime64[ns]', name=u'Date', length=101, freq='M')"
2014-05-31,1996.92545455,1996.92545455,1996.92545455,1996.92545455,0,1996.92545455,"DatetimeIndex(['2007-08-31', '2007-09-30', '2007-10-31', '2007-11-30',
               '2007-12-31', '2008-01-31', '2008-02-29', '2008-03-31',
               '2008-04-30', '2008-05-31',
               ...
               '2015-03-31', '2015-04-30', '2015-05-31', '2015-06-30',
               '2015-07-31', '2015-08-31', '2015-09-30', '2015-10-31',
               '2015-11-30', '2015-12-31'],
              dtype='datetime64[ns]', name=u'Date', length=101, freq='M')"
2014-06-30,2116.38619048,2116.38619048,2116.38619048,2116.38619048,0,2116.38619048,"DatetimeIndex(['2007-08-31', '2007-09-30', '2007-10-31', '2007-11-30',
               '2007-12-31', '2008-01-31', '2008-02-29', '2008-03-31',
               '2008-04-30', '2008-05-31',
               ...
               '2015-03-31', '2015-04-30', '2015-05-31', '2015-06-30',
               '2015-07-31', '2015-08-31', '2015-09-30', '2015-10-31',
               '2015-11-30', '2015-12-31'],
              dtype='datetime64[ns]', name=u'Date', length=101, freq='M')"
2014-07-31,2173.15391304,2173.15391304,2173.15391304,2173.15391304,0,2173.15391304,"DatetimeIndex(['2007-08-31', '2007-09-30', '2007-10-31', '2007-11-30',
               '2007-12-31', '2008-01-31', '2008-02-29', '2008-03-31',
               '2008-04-30', '2008-05-31',
               ...
               '2015-03-31', '2015-04-30', '2015-05-31', '2015-06-30',
               '2015-07-31', '2015-08-31', '2015-09-30', '2015-10-31',
               '2015-11-30', '2015-12-31'],
              dtype='datetime64[ns]', name=u'Date', length=101, freq='M')"
2014-08-31,2173.67952381,2173.67952381,2173.67952381,2173.67952381,0,2173.67952381,"DatetimeIndex(['2007-08-31', '2007-09-30', '2007-10-31', '2007-11-30',
               '2007-12-31', '2008-01-31', '2008-02-29', '2008-03-31',
               '2008-04-30', '2008-05-31',
               ...
               '2015-03-31', '2015-04-30', '2015-05-31', '2015-06-30',
               '2015-07-31', '2015-08-31', '2015-09-30', '2015-10-31',
               '2015-11-30', '2015-12-31'],
              dtype='datetime64[ns]', name=u'Date', length=101, freq='M')"
2014-09-30,2236.77285714,2236.77285714,2236.77285714,2236.77285714,0,2236.77285714,"DatetimeIndex(['2007-08-31', '2007-09-30', '2007-10-31', '2007-11-30',
               '2007-12-31', '2008-01-31', '2008-02-29', '2008-03-31',
               '2008-04-30', '2008-05-31',
               ...
               '2015-03-31', '2015-04-30', '2015-05-31', '2015-06-30',
               '2015-07-31', '2015-08-31', '2015-09-30', '2015-10-31',
               '2015-11-30', '2015-12-31'],
              dtype='datetime64[ns]', name=u'Date', length=101, freq='M')"
2014-10-31,2128.03695652,2128.03695652,2128.03695652,2128.03695652,0,2128.03695652,"DatetimeIndex(['2007-08-31', '2007-09-30', '2007-10-31', '2007-11-30',
               '2007-12-31', '2008-01-31', '2008-02-29', '2008-03-31',
               '2008-04-30', '2008-05-31',
               ...
               '2015-03-31', '2015-04-30', '2015-05-31', '2015-06-30',
               '2015-07-31', '2015-08-31', '2015-09-30', '2015-10-31',
               '2015-11-30', '2015-12-31'],
              dtype='datetime64[ns]', name=u'Date', length=101, freq='M')"
2014-11-30,2316.79894737,2316.79894737,2316.79894737,2316.79894737,0,2316.79894737,"DatetimeIndex(['2007-08-31', '2007-09-30', '2007-10-31', '2007-11-30',
               '2007-12-31', '2008-01-31', '2008-02-29', '2008-03-31',
               '2008-04-30', '2008-05-31',
               ...
               '2015-03-31', '2015-04-30', '2015-05-31', '2015-06-30',
               '2015-07-31', '2015-08-31', '2015-09-30', '2015-10-31',
               '2015-11-30', '2015-12-31'],
              dtype='datetime64[ns]', name=u'Date', length=101, freq='M')"
2014-12-31,2376.95818182,2376.95818182,2376.95818182,2376.95818182,0,2376.95818182,"DatetimeIndex(['2007-08-31', '2007-09-30', '2007-10-31', '2007-11-30',
               '2007-12-31', '2008-01-31', '2008-02-29', '2008-03-31',
               '2008-04-30', '2008-05-31',
               ...
               '2015-03-31', '2015-04-30', '2015-05-31', '2015-06-30',
               '2015-07-31', '2015-08-31', '2015-09-30', '2015-10-31',
               '2015-11-30', '2015-12-31'],
              dtype='datetime64[ns]', name=u'Date', length=101, freq='M')"
2015-01-31,2305.4725,2305.4725,2305.4725,2305.4725,0,2305.4725,"DatetimeIndex(['2007-08-31', '2007-09-30', '2007-10-31', '2007-11-30',
               '2007-12-31', '2008-01-31', '2008-02-29', '2008-03-31',
               '2008-04-30', '2008-05-31',
               ...
               '2015-03-31', '2015-04-30', '2015-05-31', '2015-06-30',
               '2015-07-31', '2015-08-31', '2015-09-30', '2015-10-31',
               '2015-11-30', '2015-12-31'],
              dtype='datetime64[ns]', name=u'Date', length=101, freq='M')"
2015-02-28,2356.25842105,2356.25842105,2356.25842105,2356.25842105,0,2356.25842105,"DatetimeIndex(['2007-08-31', '2007-09-30', '2007-10-31', '2007-11-30',
               '2007-12-31', '2008-01-31', '2008-02-29', '2008-03-31',
               '2008-04-30', '2008-05-31',
               ...
               '2015-03-31', '2015-04-30', '2015-05-31', '2015-06-30',
               '2015-07-31', '2015-08-31', '2015-09-30', '2015-10-31',
               '2015-11-30', '2015-12-31'],
              dtype='datetime64[ns]', name=u'Date', length=101, freq='M')"
2015-03-31,2380.08818182,2380.08818182,2380.08818182,2380.08818182,0,2380.08818182,"DatetimeIndex(['2007-08-31', '2007-09-30', '2007-10-31', '2007-11-30',
               '2007-12-31', '2008-01-31', '2008-02-29', '2008-03-31',
               '2008-04-30', '2008-05-31',
               ...
               '2015-03-31', '2015-04-30', '2015-05-31', '2015-06-30',
               '2015-07-31', '2015-08-31', '2015-09-30', '2015-10-31',
               '2015-11-30', '2015-12-31'],
              dtype='datetime64[ns]', name=u'Date', length=101, freq='M')"
2015-04-30,2388.33190476,2388.33190476,2388.33190476,2388.33190476,0,2388.33190476,"DatetimeIndex(['2007-08-31', '2007-09-30', '2007-10-31', '2007-11-30',
               '2007-12-31', '2008-01-31', '2008-02-29', '2008-03-31',
               '2008-04-30', '2008-05-31',
               ...
               '2015-03-31', '2015-04-30', '2015-05-31', '2015-06-30',
               '2015-07-31', '2015-08-31', '2015-09-30', '2015-10-31',
               '2015-11-30', '2015-12-31'],
              dtype='datetime64[ns]', name=u'Date', length=101, freq='M')"
2015-05-31,2407.9505,2407.9505,2407.9505,2407.9505,0,2407.9505,"DatetimeIndex(['2007-08-31', '2007-09-30', '2007-10-31', '2007-11-30',
               '2007-12-31', '2008-01-31', '2008-02-29', '2008-03-31',
               '2008-04-30', '2008-05-31',
               ...
               '2015-03-31', '2015-04-30', '2015-05-31', '2015-06-30',
               '2015-07-31', '2015-08-31', '2015-09-30', '2015-10-31',
               '2015-11-30', '2015-12-31'],
              dtype='datetime64[ns]', name=u'Date', length=101, freq='M')"
2015-06-30,2402.20272727,2402.20272727,2402.20272727,2402.20272727,0,2402.20272727,"DatetimeIndex(['2007-08-31', '2007-09-30', '2007-10-31', '2007-11-30',
               '2007-12-31', '2008-01-31', '2008-02-29', '2008-03-31',
               '2008-04-30', '2008-05-31',
               ...
               '2015-03-31', '2015-04-30', '2015-05-31', '2015-06-30',
               '2015-07-31', '2015-08-31', '2015-09-30', '2015-10-31',
               '2015-11-30', '2015-12-31'],
              dtype='datetime64[ns]', name=u'Date', length=101, freq='M')"
2015-07-31,2294.16478261,2294.16478261,2294.16478261,2294.16478261,0,2294.16478261,"DatetimeIndex(['2007-08-31', '2007-09-30', '2007-10-31', '2007-11-30',
               '2007-12-31', '2008-01-31', '2008-02-29', '2008-03-31',
               '2008-04-30', '2008-05-31',
               ...
               '2015-03-31', '2015-04-30', '2015-05-31', '2015-06-30',
               '2015-07-31', '2015-08-31', '2015-09-30', '2015-10-31',
               '2015-11-30', '2015-12-31'],
              dtype='datetime64[ns]', name=u'Date', length=101, freq='M')"
2015-08-31,2231.09857143,2231.09857143,2231.09857143,2231.09857143,0,2231.09857143,"DatetimeIndex(['2007-08-31', '2007-09-30', '2007-10-31', '2007-11-30',
               '2007-12-31', '2008-01-31', '2008-02-29', '2008-03-31',
               '2008-04-30', '2008-05-31',
               ...
               '2015-03-31', '2015-04-30', '2015-05-31', '2015-06-30',
               '2015-07-31', '2015-08-31', '2015-09-30', '2015-10-31',
               '2015-11-30', '2015-12-31'],
              dtype='datetime64[ns]', name=u'Date', length=101, freq='M')"
2015-09-30,2149.14142857,2149.14142857,2149.14142857,2149.14142857,0,2149.14142857,"DatetimeIndex(['2007-08-31', '2007-09-30', '2007-10-31', '2007-11-30',
               '2007-12-31', '2008-01-31', '2008-02-29', '2008-03-31',
               '2008-04-30', '2008-05-31',
               ...
               '2015-03-31', '2015-04-30', '2015-05-31', '2015-06-30',
               '2015-07-31', '2015-08-31', '2015-09-30', '2015-10-31',
               '2015-11-30', '2015-12-31'],
              dtype='datetime64[ns]', name=u'Date', length=101, freq='M')"
2015-10-31,2275.30181818,2275.30181818,2275.30181818,2275.30181818,0,2275.30181818,"DatetimeIndex(['2007-08-31', '2007-09-30', '2007-10-31', '2007-11-30',
               '2007-12-31', '2008-01-31', '2008-02-29', '2008-03-31',
               '2008-04-30', '2008-05-31',
               ...
               '2015-03-31', '2015-04-30', '2015-05-31', '2015-06-30',
               '2015-07-31', '2015-08-31', '2015-09-30', '2015-10-31',
               '2015-11-30', '2015-12-31'],
              dtype='datetime64[ns]', name=u'Date', length=101, freq='M')"
2015-11-30,2342.723,2342.723,2342.723,2342.723,0,2342.723,"DatetimeIndex(['2007-08-31', '2007-09-30', '2007-10-31', '2007-11-30',
               '2007-12-31', '2008-01-31', '2008-02-29', '2008-03-31',
               '2008-04-30', '2008-05-31',
               ...
               '2015-03-31', '2015-04-30', '2015-05-31', '2015-06-30',
               '2015-07-31', '2015-08-31', '2015-09-30', '2015-10-31',
               '2015-11-30', '2015-12-31'],
              dtype='datetime64[ns]', name=u'Date', length=101, freq='M')"
2015-12-31,2341.77043478,2341.77043478,2341.77043478,2341.77043478,0,2341.77043478,"DatetimeIndex(['2007-08-31', '2007-09-30', '2007-10-31', '2007-11-30',
               '2007-12-31', '2008-01-31', '2008-02-29', '2008-03-31',
               '2008-04-30', '2008-05-31',
               ...
               '2015-03-31', '2015-04-30', '2015-05-31', '2015-06-30',
               '2015-07-31', '2015-08-31', '2015-09-30', '2015-10-31',
               '2015-11-30', '2015-12-31'],
              dtype='datetime64[ns]', name=u'Date', length=101, freq='M')"
